{
	"name": "fateroll",
	"title": "Roll of Fate",
	"description": "Blame PC deaths on the system",
	"version": "0.4.4",
	"author": "Handyfon#8390",
	"esmodules": ["fate.js"],
	"styles": ["fate.css"],
	 "socket": true,
    "url": "https://github.com/Handyfon/roll-of-fate/tree/master",
    "manifest": "https://raw.githubusercontent.com/Handyfon/roll-of-fate/master/module.json",
    "download": "https://github.com/Handyfon/roll-of-fate/raw/master/fate.zip",
	"minimumCoreVersion": "0.7.5",
	"compatibleCoreVersion": "0.7.9"
}